product_id,product_name,category_id,price,launch_date
1,Admit My,5,2646.69,2021-10-17
2,Size They,1,484.77,2022-04-30
3,Group Society,3,731.31,2022-08-15
4,Young Defense,3,1435.8,2025-02-11
5,Best Field,3,1371.77,2022-08-26
6,Side Can,2,534.57,2024-07-18
7,Around Tree,8,2287.11,2025-01-19
8,Establish Bad,7,1283.52,2025-12-30
9,Speech Improve,6,501.5,2022-11-11
10,Red Him,4,350.92,2024-12-14
11,Would Big,7,106.82,2023-11-22
12,World During,3,0.0,2024-03-04
13,Wish Bed,1,569.67,2021-10-28
14,Face Television,7,296.01,2024-12-28
15,Exist Energy,1,813.23,2021-05-15
16,Place Push,1,2606.37,2023-09-21
17,Recent Success,4,2765.56,2021-12-29
18,Piece Guy,1,1342.49,2024-12-31
19,Impact Mind,3,2824.67,2025-08-16
20,Indicate Next,5,1245.67,2021-01-10
21,Stuff Member,8,1136.44,2022-07-09
22,Around National,4,488.13,2022-08-30
23,Seek Say,4,0.0,2025-04-28
24,Whether My,6,2874.13,2024-10-08
25,Up Ready,6,787.73,2025-12-02
26,Stay Space,4,335.09,2024-11-18
27,Region Yard,8,390.39,2021-05-31
28,Design Include,2,548.75,2022-01-30
29,Alone Hour,5,2468.52,2021-07-28
30,Care Because,3,2925.07,2022-04-10
31,Middle Tax,6,2493.03,2022-03-24
32,Artist Last,5,2473.95,2025-05-08
33,Walk Officer,6,1074.13,2025-10-03
34,Land Plan,7,79.95,2021-06-09
35,Entire Appear,8,0.0,2022-11-17
36,At Win,1,2981.21,2021-01-25
37,Out Suffer,2,517.24,2021-10-05
38,Form Usually,1,1699.48,2022-07-30
39,Yes Establish,5,506.05,2024-11-14
40,Forward Accept,5,2647.53,2023-07-07
41,Material Peace,3,1631.22,2025-03-20
42,Enter Including,4,2697.27,2021-12-29
43,Significant Good,2,528.21,2022-09-02
44,Manager Movement,6,131.8,2023-06-28
45,Memory Send,4,1038.72,2023-04-15
46,Man Me,1,2968.04,2025-09-04
47,Experience Either,5,685.85,2022-10-04
48,Soldier Wide,4,2088.48,2022-10-29
49,Name Different,7,586.32,2022-11-28
50,Window Pull,1,2758.22,2025-06-01
51,Operation Really,4,1046.99,2025-11-22
52,Value Fast,5,376.12,2024-02-09
53,Report Reality,6,280.49,2024-05-19
54,Involve Center,3,2256.56,2025-09-12
55,Buy Executive,8,2854.62,2022-10-12
56,Mind This,6,1210.45,2025-03-25
57,Example Somebody,3,840.79,2021-10-18
58,Brother Material,4,1789.94,2021-04-29
59,Nation Top,2,2706.04,2025-09-27
60,Grow Door,4,1762.01,2024-08-12
61,Light Network,3,308.62,2021-02-25
62,Test Because,6,2833.02,2021-03-25
63,Deal Public,7,461.92,2021-07-17
64,Public Human,1,763.1,2024-06-15
65,I Not,4,2672.17,2021-02-03
66,International Marriage,5,89.08,2023-12-26
67,Blue Reveal,3,953.06,2022-08-28
68,Result Network,6,2118.4,2024-06-07
69,Argue Positive,3,1070.33,2025-05-19
70,Economic Budget,1,310.1,2023-10-03
71,Value Senior,8,1557.1,2022-06-23
72,Car Far,3,1916.76,2022-05-02
73,Contain Reveal,3,1129.34,2022-06-06
74,Truth Show,5,2912.54,2024-09-02
75,Style Very,2,1888.56,2021-01-18
76,Forward Product,5,1776.2,2023-10-07
77,Computer Garden,8,2317.27,2022-02-27
78,Instead Identify,4,1905.8,2024-09-12
79,Much By,7,2643.08,2021-11-25
80,Brother Method,1,1069.33,2021-07-20
81,Property Coach,5,506.13,2024-12-08
82,Hot Truth,6,2880.5,2025-09-10
83,Science Four,4,1913.25,2021-10-19
84,Space Various,6,2490.33,2024-06-26
85,Large Assume,7,2101.42,2022-05-16
86,People Especially,5,0.0,2021-02-13
87,Beat Role,3,1199.72,2022-09-11
88,Rich Street,6,1093.61,2025-11-26
89,Guess New,3,2213.97,2025-02-03
90,Career Baby,1,1670.79,2023-03-15
91,Statement Senior,7,2267.4,2022-03-15
92,Week Different,3,512.33,2022-01-25
93,Consumer Example,3,1661.89,2022-11-22
94,Simple Seven,3,1941.9,2021-06-21
95,Spend Entire,3,744.59,2022-12-07
96,Parent His,7,1786.12,2021-07-07
97,City Account,3,1189.31,2022-03-11
98,Describe But,6,0.0,2021-10-30
99,Blue Far,7,2485.81,2023-09-28
100,Life Plant,1,590.67,2023-05-19
101,Behavior Computer,2,66.1,2025-01-23
102,Fight Before,3,1729.01,2025-10-29
103,Drive Manager,2,412.06,2024-11-17
104,Not Value,1,2849.42,2024-10-18
105,Always Site,3,0.0,2024-09-28
106,Future Rock,5,1389.6,2023-02-05
107,Want Wonder,1,1206.7,2022-02-19
108,Daughter Station,5,1427.26,2025-12-18
109,Always Conference,1,662.98,2021-05-23
110,Hard Else,4,54.03,2024-12-13
111,Trial Increase,3,821.42,2021-08-15
112,Serious Tonight,4,2573.6,2022-06-23
113,So Bring,5,2361.64,2023-11-24
114,Risk There,3,856.51,2024-10-14
115,Pick Move,5,2816.69,2021-09-30
116,Hear Even,4,2700.79,2024-02-21
117,Cell Much,7,1384.7,2023-11-01
118,News Table,1,1574.84,2021-08-31
119,Sign Give,5,1271.75,2025-02-12
120,Without Hit,7,548.38,2023-06-27
121,Cold Director,2,2428.47,2025-10-06
122,Full Father,8,1539.68,2025-02-18
123,Especially Child,3,1862.97,2024-01-13
124,Respond Official,8,133.12,2022-10-09
125,Sound Pay,8,929.88,2022-09-11
126,Owner Fire,6,512.97,2025-05-08
127,Check Action,5,2390.43,2025-06-16
128,Because Health,6,1351.42,2021-11-05
129,Great Medical,4,2623.7,2022-08-08
130,Four Industry,1,1141.72,2022-10-26
131,Image Nearly,7,849.81,2025-07-18
132,Discover Degree,1,2204.49,2021-06-04
133,Check Majority,6,1790.9,2023-08-18
134,East Kind,7,1450.31,2021-10-10
135,Idea Old,1,2181.08,2025-10-03
136,Popular Necessary,8,2507.33,2023-02-14
137,Step Every,5,1605.56,2025-08-26
138,Value If,2,1471.3,2025-04-11
139,Door Western,5,887.86,2023-07-10
140,Total Sign,7,834.66,2023-02-09
141,Grow Forget,6,256.24,2023-10-21
142,Worry Value,8,2636.63,2023-03-04
143,Sell Leave,7,402.81,2022-05-18
144,Want Never,2,1664.82,2023-03-08
145,According Dream,6,1109.55,2024-01-26
146,Cup Despite,1,2451.26,2021-09-10
147,Law Minute,2,455.97,2022-06-10
148,Relationship Prevent,8,43.17,2022-03-03
149,Resource Bit,5,1952.94,2021-02-03
150,Author Run,7,2929.12,2024-06-25
151,Example Class,4,109.47,2023-04-15
152,Language Here,4,1338.18,2025-04-17
153,Close System,4,641.71,2021-05-29
154,Parent All,2,76.54,2022-02-17
155,American Theory,7,1648.5,2023-03-07
156,Although Attention,5,1236.83,2025-04-06
157,Spring View,8,2330.54,2023-08-04
158,Interview Director,6,1529.17,2021-04-10
159,Color Seat,8,2032.0,2024-01-11
160,Right Amount,3,2256.78,2022-01-31
161,Crime Sound,8,2092.16,2023-01-06
162,Voice You,6,0.0,2021-09-07
163,Night Back,5,2398.47,2022-10-19
164,Product Interview,8,1717.3,2022-03-07
165,Popular Apply,2,185.46,2025-05-14
166,Spend Carry,1,1639.74,2024-05-17
167,Store Able,2,1227.33,2025-11-15
168,Today Bring,1,1212.64,2023-12-14
169,Toward House,3,1428.95,2023-03-22
170,Husband Marriage,3,2302.55,2025-06-17
171,Get Leader,6,1476.71,2021-10-30
172,Live But,4,2897.67,2022-03-19
173,Eye Front,1,1396.32,2023-04-26
174,Common Leader,5,1606.34,2022-07-26
175,Collection Force,4,523.13,2022-07-17
176,Positive Detail,4,2156.71,2022-09-11
177,Reach Create,6,2917.7,2022-03-06
178,Type Window,1,914.44,2023-10-08
179,Side Office,7,347.73,2025-09-15
180,Very Measure,2,1354.43,2023-08-27
181,Me To,1,1854.62,2023-05-04
182,Future Car,5,1109.91,2024-01-23
183,Each Cold,5,703.68,2024-06-06
184,Bring Friend,3,1979.48,2024-07-01
185,Item Way,2,2350.6,2021-05-17
186,Impact Success,1,1403.07,2023-07-06
187,Available Recently,4,1165.23,2021-09-29
188,Major Clear,1,2036.62,2025-10-13
189,Task Radio,3,317.84,2023-07-09
190,Dream Summer,1,2704.74,2022-09-14
191,People Reason,8,607.14,2024-08-29
192,Run Require,5,172.65,2021-04-28
193,Day Policy,1,137.17,2021-05-15
194,Form Pull,2,1557.57,2021-02-10
195,Land Head,7,1368.24,2025-09-25
196,Nature Way,5,1655.3,2025-09-09
197,Buy History,1,2528.92,2023-12-24
198,Role Organization,6,1378.35,2024-03-10
199,Example The,5,2854.71,2021-08-30
200,Account Ball,2,47482.37,2021-03-26
201,Article State,2,2160.5,2025-10-07
202,Order Drug,1,522.76,2021-05-23
203,Laugh Seek,4,1676.83,2022-07-25
204,Fire Others,3,1878.45,2021-12-14
205,Image Treat,5,2982.85,2023-01-09
206,Act Open,7,849.03,2024-11-27
207,Affect Wonder,8,1894.34,2021-11-30
208,Identify Few,5,2700.97,2024-03-28
209,Could General,3,2433.41,2025-05-05
210,Future Accept,1,1976.31,2025-05-14
211,Religious At,4,1760.84,2024-01-02
212,Read Level,5,1381.0,2024-11-14
213,Machine Focus,1,1713.93,2025-02-28
214,Food Often,1,757.28,2021-06-19
215,Outside Good,6,404.26,2021-11-03
216,Will Forget,1,407.54,2023-11-08
217,Effect Remember,5,1062.27,2023-09-03
218,American Firm,8,1508.68,2024-09-24
219,International Mother,1,2371.42,2023-05-27
220,Let Responsibility,5,2912.98,2022-01-18
221,Force Forward,2,2522.8,2022-07-31
222,Somebody Raise,8,1063.31,2021-04-23
223,Campaign Play,7,753.82,2023-09-19
224,Physical Whom,4,1239.23,2023-08-07
225,Almost Into,7,1289.38,2023-01-10
226,Treatment Sell,5,858.27,2023-02-23
227,Let Despite,3,1705.17,2025-12-14
228,Analysis Mission,7,413.32,2025-03-11
229,Our Deep,3,561.71,2023-01-14
230,Economic Pay,8,43.13,2021-09-06
231,Our Southern,4,2846.4,2021-08-10
232,Low Model,3,2678.7,2021-10-11
233,Surface No,4,1768.08,2025-06-19
234,Within Both,7,653.86,2022-10-06
235,Race Lose,3,1672.37,2025-02-01
236,Draw Field,2,1122.79,2021-10-20
237,Bring Manager,5,748.71,2024-08-13
238,Cultural Personal,4,2686.69,2024-02-20
239,Late Others,2,1813.34,2022-11-11
240,Official Pattern,2,10176.76,2021-07-06
241,Understand Chair,8,875.88,2021-01-12
242,Short Western,2,2790.54,2024-02-22
243,Success Same,4,2870.19,2025-07-29
244,Explain Recent,2,2560.19,2023-04-22
245,Carry Half,8,661.0,2024-04-15
246,Ten Almost,8,970.98,2023-11-19
247,Example Bar,6,405.86,2025-04-07
248,Number Popular,3,2500.14,2022-11-10
249,Forget Gun,3,0.0,2022-07-29
250,Degree Key,4,176.28,2021-11-07
251,Carry List,7,102.63,2021-11-09
252,Thing American,5,1829.81,2025-11-08
253,Probably Near,1,1680.51,2023-12-18
254,Owner Effect,3,1950.61,2024-07-12
255,At Sing,4,2639.25,2025-03-06
256,Charge Sell,7,0.0,2021-12-28
257,Water Street,6,1233.03,2022-11-19
258,List Per,5,2934.73,2023-01-02
259,Next Participant,4,0.0,2024-10-21
260,Control Best,3,2388.25,2022-01-27
261,Because Science,8,960.78,2025-02-12
262,Suddenly Type,1,1984.82,2022-11-10
263,Never Between,3,164.97,2023-08-25
264,Try Rich,4,229.09,2021-05-26
265,Science Cup,3,1262.94,2024-10-10
266,The Lay,2,2898.33,2024-12-29
267,Newspaper Sign,8,1776.45,2021-11-27
268,Point Court,5,130.54,2021-08-24
269,Language Professional,5,2556.83,2021-03-06
270,Before Back,5,0.0,2023-04-11
271,Republican Shake,7,0.0,2025-11-24
272,This Change,2,2599.34,2021-05-28
273,Might Center,8,2769.78,2021-09-11
274,People Air,2,1246.48,2022-09-15
275,Night Marriage,6,2361.42,2023-04-06
276,Religious Money,3,278.59,2023-06-02
277,Beautiful Protect,6,2593.0,2025-07-03
278,One Book,2,1156.74,2023-09-19
279,Hundred Fact,2,23852.67,2022-03-06
280,Piece Lay,8,2189.47,2023-03-04
281,Stand Late,6,789.11,2023-08-29
282,Chance Star,1,754.14,2024-04-26
283,New Move,4,21402.26,2022-01-04
284,Open Central,6,2677.86,2024-09-22
285,Could Defense,1,2679.44,2025-01-14
286,Something Public,3,2983.44,2022-07-10
287,Visit Follow,4,542.85,2021-03-29
288,Child Black,1,1769.81,2022-07-16
289,Own Them,7,723.26,2023-11-14
290,Agree Human,1,2056.63,2022-08-07
291,Author Risk,7,1983.61,2025-02-03
292,Economic Across,7,971.87,2023-10-14
293,Win Customer,4,854.63,2026-01-02
294,Son Shake,4,2169.9,2023-05-07
295,Ok Miss,5,175.93,2022-07-23
296,Step Green,1,0.0,2024-03-06
297,Street View,8,2288.64,2023-08-10
298,Store Minute,2,2977.28,2024-11-07
299,Cut Beyond,5,1802.46,2024-08-26
300,Course Pull,3,2598.3,2022-09-29
301,Few Friend,5,2434.16,2025-01-02
302,Husband Week,7,1665.1,2021-10-02
303,This These,7,730.5,2022-05-11
304,Over Smile,3,106.72,2023-04-22
305,Arrive There,8,448.75,2025-10-09
306,Memory Face,6,2037.58,2021-09-23
307,Your Idea,1,2136.39,2023-04-12
308,Whole Level,3,2591.99,2024-04-24
309,System Crime,2,2756.42,2023-08-28
310,Visit Interview,6,874.93,2022-05-18
311,Management Later,8,2190.29,2021-08-30
312,West Have,7,2413.68,2023-03-22
313,Throw Million,7,547.61,2023-08-09
314,Gun Make,3,2769.32,2023-07-26
315,War Close,1,2249.63,2025-04-01
316,You Improve,8,397.92,2024-11-22
317,Pick Establish,1,27.75,2024-11-09
318,Teach Write,1,998.63,2025-08-06
319,Well Life,6,1194.72,2021-11-20
320,Model Mention,2,141.61,2024-05-31
321,Actually Economic,2,1944.47,2021-05-22
322,Western Maybe,2,42.74,2024-09-07
323,Bank While,1,2965.43,2024-02-13
324,Political Not,6,438.06,2022-11-12
325,To Pretty,6,482.66,2023-01-06
326,Next Down,2,1709.59,2023-12-30
327,Decision Reality,1,1727.69,2021-04-03
328,Day Law,3,158.12,2023-02-12
329,Her Billion,8,2590.49,2023-07-02
330,Catch Box,5,2803.99,2025-03-14
331,Identify Beyond,6,2944.63,2024-07-12
332,Kid Sister,5,864.63,2022-04-12
333,Cultural Hotel,1,2777.93,2021-12-20
334,Hit Of,7,1895.56,2022-08-10
335,Inside Actually,5,1050.1,2023-07-06
336,Chair Environment,3,2288.65,2024-08-19
337,Table Lawyer,8,1795.38,2024-07-10
338,Performance Surface,7,1853.43,2024-06-01
339,Many Speech,7,46.09,2021-03-29
340,You Forward,8,2522.67,2024-07-02
341,Major Other,7,41.35,2024-09-15
342,Ever Traditional,6,2706.37,2021-09-15
343,Idea Yeah,1,2401.33,2021-07-04
344,Arm Kind,2,222.31,2021-12-10
345,Know According,2,1329.25,2024-12-23
346,Key Policy,1,1275.25,2021-07-19
347,Imagine Democrat,3,1047.11,2021-09-12
348,House Most,6,545.94,2024-07-19
349,Film Take,7,929.7,2022-11-12
350,Into Manager,2,2906.2,2021-10-08
351,Trip Prevent,8,2043.23,2024-12-15
352,Performance Safe,2,1754.74,2023-12-21
353,Beautiful Yes,7,2277.83,2021-10-23
354,Thank Federal,7,1309.83,2025-09-10
355,Attack Decade,2,1746.4,2024-08-07
356,Training Teacher,8,1665.65,2025-01-06
357,Fund Recognize,1,798.89,2024-08-09
358,Year Modern,4,1129.02,2023-04-15
359,Whatever Ball,2,2981.52,2023-05-02
360,Movie Fast,3,35695.56,2021-10-08
361,All Hit,4,500.19,2022-01-27
362,More Business,8,658.87,2025-10-21
363,Door They,7,645.98,2025-09-09
364,Prevent Five,3,874.4,2025-01-09
365,Collection Product,8,973.26,2024-12-16
366,Song Thing,5,1134.43,2023-04-21
367,Get Church,3,504.36,2025-03-21
368,Bill Eye,3,679.26,2022-09-26
369,Administration Child,2,149.73,2024-01-23
370,Run Senior,4,761.57,2023-02-11
371,Value Thought,5,691.58,2023-03-12
372,Allow Through,2,423.52,2024-09-05
373,Model Push,1,1817.9,2023-04-10
374,Because Half,2,2401.09,2021-12-04
375,Audience This,7,991.48,2021-12-30
376,Bring Wonder,2,182.16,2021-01-22
377,Those Fund,1,613.2,2023-10-18
378,Relate Trial,4,2152.7,2023-09-20
379,Into You,7,648.2,2024-04-05
380,Account Nice,3,2978.76,2025-01-19
381,Case Sea,2,1483.36,2023-08-30
382,Religious Modern,1,1248.36,2024-10-04
383,Son Be,8,2865.28,2024-08-24
384,Site Senior,1,32340.47,2023-04-14
385,The Away,6,721.74,2023-07-20
386,Day Brother,5,516.7,2023-09-13
387,Age Decade,5,263.59,2022-03-20
388,Shoulder Catch,1,2186.49,2021-04-28
389,Knowledge Economy,6,2029.44,2024-08-27
390,Positive Start,6,1523.96,2021-11-21
391,Station Walk,7,0.0,2025-08-21
392,Exist Cost,1,0.0,2023-07-20
393,Whole Pull,6,742.88,2022-04-23
394,Represent Arrive,5,1906.54,2022-09-15
395,Majority Raise,8,2838.13,2022-05-04
396,Citizen Finally,4,809.12,2025-10-10
397,Call Two,8,322.42,2023-02-06
398,Use Head,2,2248.2,2025-07-03
399,Center Their,1,780.49,2021-11-13
400,Market Stand,6,1771.94,2021-01-09
401,Find Realize,4,52.48,2021-03-31
402,Arrive Role,5,437.34,2022-09-24
403,Dream Tax,5,657.27,2021-12-17
404,Religious Consider,2,2680.63,2023-01-05
405,Organization Record,5,1984.99,2024-02-19
406,Help Administration,1,1691.53,2025-09-15
407,Tonight Have,3,2102.41,2023-09-16
408,Computer About,5,421.04,2025-07-22
409,Lawyer Thing,3,2817.75,2022-02-08
410,Many Sell,8,1029.61,2021-07-03
411,High Nation,3,202.0,2022-12-23
412,Believe Debate,8,2727.89,2025-09-03
413,Around Single,5,182.85,2024-09-06
414,From Right,2,211.5,2022-10-29
415,Try Hour,6,2962.47,2021-07-23
416,Myself Walk,5,1208.43,2024-12-18
417,Direction Rate,7,1180.33,2021-09-09
418,Wrong Imagine,7,2063.23,2025-06-19
419,Use Road,1,586.47,2024-09-15
420,Score Pattern,4,2570.38,2022-07-04
421,Letter Paper,1,1190.96,2021-01-07
422,Real Minute,7,1726.05,2021-09-03
423,Stay His,6,405.9,2025-04-29
424,Team Our,5,2200.04,2025-08-09
425,Customer Most,7,998.33,2024-04-15
426,Require Instead,8,974.2,2023-05-16
427,Boy Performance,8,1062.67,2021-02-27
428,Job Radio,1,0.0,2025-08-01
429,Information Collection,7,1165.38,2022-02-03
430,Floor Cell,1,2426.99,2021-01-10
431,As White,6,1078.67,2025-02-12
432,From Although,5,328.47,2023-02-22
433,Poor Career,8,787.44,2024-06-19
434,Lawyer History,4,0.0,2022-02-10
435,Clearly Of,7,612.76,2021-06-07
436,Financial Many,8,60.8,2024-10-07
437,Finish Leg,4,2603.12,2021-06-20
438,Hold Resource,5,1230.55,2024-11-26
439,Support Better,1,470.11,2024-09-24
440,Store Fine,1,528.34,2021-05-30
441,Over Instead,5,1626.27,2023-05-05
442,Employee Old,1,2242.66,2024-11-04
443,Computer Another,8,1755.81,2023-06-06
444,Turn Near,8,1793.17,2022-07-07
445,It Laugh,5,413.44,2024-02-25
446,Know Woman,1,337.45,2022-09-13
447,Arm Cover,6,903.48,2024-01-02
448,Produce Worry,5,2263.0,2023-08-12
449,Side Short,6,2963.69,2021-01-11
450,Box Beyond,5,1499.81,2025-11-14
451,Against Tax,1,2033.72,2024-01-30
452,Federal Last,5,38689.08,2022-01-27
453,Type A,1,818.09,2022-04-02
454,Executive Trial,3,2406.28,2024-08-03
455,Others Your,1,1003.05,2023-09-28
456,Seven Write,4,1411.25,2025-12-15
457,Still Type,8,298.14,2021-01-07
458,Star Resource,6,864.25,2025-12-03
459,Human Audience,7,2867.45,2025-05-24
460,Each Course,3,2216.06,2024-08-27
461,Give Option,3,612.39,2022-12-09
462,Election Physical,7,2518.91,2021-07-17
463,Assume Hair,7,2092.03,2022-09-30
464,House Speak,7,485.93,2025-01-08
465,Garden Firm,7,103.07,2022-10-05
466,Into Between,7,2152.13,2022-12-18
467,Certain Color,2,2517.54,2024-05-30
468,Special Cause,7,2549.43,2025-11-05
469,Bad Or,2,1214.54,2023-01-16
470,Option Board,2,1120.88,2023-03-17
471,Plant Statement,3,1411.53,2024-10-20
472,Keep Physical,5,2660.2,2021-02-28
473,Data Enough,7,1248.82,2022-05-13
474,Growth People,3,2784.27,2025-05-01
475,Help Would,1,667.99,2025-10-04
476,Resource Democratic,1,2942.28,2025-02-03
477,Piece Sure,7,117.38,2023-06-24
478,Toward Season,8,955.91,2024-05-15
479,Pm Bit,8,176.33,2024-08-19
480,Speak Color,2,2953.45,2023-08-23
481,Team Small,6,1885.09,2021-03-05
482,Adult Near,1,615.55,2023-12-05
483,Democratic Share,2,2530.55,2022-12-14
484,Unit Dark,1,1064.7,2021-08-30
485,View Without,7,1677.9,2022-02-23
486,Reflect Be,5,511.27,2022-08-01
487,Keep Somebody,1,1655.98,2023-05-23
488,Throw Indeed,7,2585.12,2025-02-28
489,Agent Operation,2,247.03,2025-05-08
490,What Better,1,549.42,2024-02-27
491,Career National,2,1899.78,2023-07-06
492,Leg Move,7,472.51,2021-11-01
493,Financial Key,3,2543.53,2022-01-31
494,Once Ever,8,0.0,2021-11-01
495,Must Prevent,1,31.06,2021-11-12
496,Government Town,4,2620.5,2023-12-01
497,Maybe Possible,7,1448.33,2023-04-10
498,Southern System,7,1664.3,2022-01-15
499,Environment Treatment,1,1987.45,2023-09-27
500,Think But,6,735.41,2025-02-12
501,Child Mr,4,1386.12,2022-05-23
502,Learn Begin,8,2989.67,2022-08-16
503,Question Behavior,2,49.68,2025-12-29
504,Meeting East,4,2300.17,2021-04-07
505,Article The,6,309.45,2023-05-15
506,Family Something,2,1325.54,2023-06-20
507,Story Take,4,1579.14,2025-02-04
508,Film Candidate,1,1554.57,2023-03-10
509,General Save,2,940.43,2025-01-27
510,Yourself Sound,8,2915.86,2025-04-16
511,Military Happen,3,2853.41,2021-07-11
512,Break Relationship,1,2809.26,2022-07-25
513,Cause Each,6,603.37,2021-01-03
514,Develop Nation,2,1887.08,2024-12-26
515,Pretty Kind,8,2233.53,2025-11-11
516,Shoulder Hotel,3,1857.55,2023-04-08
517,National Off,5,704.04,2025-08-28
518,But Raise,8,1077.91,2021-05-29
519,During Establish,4,1727.77,2023-03-20
520,Far Method,5,2460.01,2021-03-29
521,Two Around,3,2445.07,2025-03-25
522,Address Everything,4,1843.34,2024-11-12
523,Give Process,6,2607.13,2023-02-19
524,She Appear,3,1364.49,2021-01-13
525,Mind Wall,4,1991.01,2021-08-27
526,Because Box,6,2134.9,2021-09-27
527,Believe Help,3,1682.04,2023-10-01
528,Mention Seek,2,2987.83,2021-07-17
529,Growth Ever,6,1133.99,2024-12-19
530,How Back,7,1884.22,2022-06-21
531,Fly Performance,8,0.0,2022-11-06
532,Color Series,8,2732.04,2023-11-17
533,Conference Marriage,6,2129.97,2024-07-28
534,Also Human,2,2231.6,2021-11-19
535,Again Throughout,2,2765.52,2021-03-04
536,Exactly Field,3,1279.84,2024-09-03
537,Owner Training,7,2693.7,2021-07-10
538,Inside As,5,1697.99,2021-05-18
539,Politics Season,5,2674.81,2024-03-30
540,Policy Low,1,2514.95,2022-12-02
541,Rule Until,8,2118.65,2024-04-19
542,Reduce Bed,3,2434.48,2023-02-18
543,Artist Season,7,1778.56,2025-02-03
544,Admit Song,4,872.96,2025-07-07
545,Thank For,3,0.0,2021-12-19
546,East From,1,1280.01,2023-01-05
547,Least Difficult,3,1729.66,2024-08-08
548,Stop System,8,358.56,2025-01-23
549,Entire Whom,7,1384.44,2024-11-13
550,Hair Consider,7,49895.28,2025-07-26
551,Gas Past,1,2746.66,2023-07-17
552,Discussion Audience,4,411.94,2021-10-14
553,Itself A,4,813.31,2025-06-03
554,Recognize Go,7,2178.34,2023-06-25
555,Could Field,8,1469.78,2021-11-12
556,Such Her,5,2594.09,2021-02-18
557,Paper Service,1,835.47,2021-05-31
558,After Blue,6,1854.18,2024-01-07
559,Century Thing,6,197.37,2023-04-07
560,About Would,7,1308.5,2025-12-23
561,Feeling Grow,8,2442.53,2025-02-12
562,Way Tonight,6,2257.31,2023-09-18
563,Ability From,6,2207.84,2023-04-30
564,Leave Prove,8,1074.48,2021-03-03
565,Front Have,2,2059.07,2024-09-27
566,At Level,6,902.91,2023-11-08
567,Institution Bar,6,17.42,2025-12-29
568,Sort Cultural,5,200.0,2025-04-25
569,Challenge Culture,7,2340.67,2024-09-30
570,Join Election,4,1448.52,2025-08-24
571,Consumer Final,4,1722.26,2022-09-13
572,Continue All,2,207.65,2021-01-16
573,Where Themselves,4,1127.64,2025-03-25
574,Common Degree,8,454.96,2025-04-14
575,Strong Door,4,1582.69,2023-04-26
576,End Church,6,10558.56,2022-01-01
577,Class Street,7,863.39,2023-07-09
578,Article Include,6,293.33,2024-08-13
579,Training Activity,8,1511.12,2021-08-12
580,Later Might,2,2895.44,2021-12-02
581,Attack Wind,7,980.47,2024-07-04
582,Executive Whole,1,1449.33,2023-11-18
583,Chance Source,2,1462.8,2021-07-15
584,Sense Lay,6,145.56,2021-09-10
585,Health Bit,1,1275.5,2022-01-03
586,Couple Suddenly,3,1225.57,2024-07-29
587,Sea Challenge,4,2592.54,2024-06-13
588,Visit Decade,5,2774.25,2024-03-19
589,Model Generation,1,545.83,2021-05-11
590,Cultural Just,7,167.85,2025-09-08
591,Over Decade,6,2624.09,2025-08-08
592,Nothing Every,6,0.0,2022-05-25
593,Point Mission,2,2747.38,2025-01-23
594,Resource Position,7,296.55,2024-08-31
595,Individual Baby,6,1446.39,2023-11-25
596,New Store,7,2218.22,2024-06-14
597,See Environment,3,1279.0,2023-02-06
598,Part Always,1,394.89,2025-09-01
599,Economy Coach,3,2973.73,2025-05-29
600,Economy Hear,3,560.73,2021-11-08
601,Student Remain,1,1968.49,2023-04-24
602,Continue Gas,5,2552.51,2021-01-17
603,Type It,3,635.14,2024-06-09
604,Almost Want,2,1097.22,2021-08-07
605,Want First,5,2391.86,2024-10-10
606,Laugh Note,6,1013.25,2024-01-06
607,Cell She,5,387.46,2023-12-30
608,Everyone Still,1,2319.82,2021-10-31
609,Cut Their,4,528.06,2022-02-13
610,Admit Now,6,810.19,2025-03-27
611,Sometimes Behavior,8,750.08,2022-09-15
612,Animal Understand,6,1879.06,2025-09-25
613,Call Republican,7,540.27,2023-10-21
614,Bad Which,7,2506.17,2024-06-07
615,Under Our,2,2945.69,2023-06-11
616,Thank Sound,3,809.86,2024-06-17
617,Prepare Discussion,1,1115.5,2021-04-19
618,Local Share,5,1862.57,2021-08-04
619,Memory School,7,1423.47,2025-03-12
620,Skin Word,8,2548.5,2022-01-26
621,Today Eight,7,2334.59,2023-10-11
622,Matter Pm,4,1308.56,2023-07-03
623,Order Question,7,1687.97,2025-11-04
624,Sell Series,6,390.57,2021-07-17
625,Police Whose,7,2246.33,2022-02-19
626,Peace Rise,6,1486.62,2021-03-26
627,Sport Republican,7,1429.71,2022-08-16
628,Similar Themselves,4,2853.2,2022-01-14
629,Dog So,7,978.7,2023-03-15
630,Director Arm,1,1650.1,2025-10-28
631,Possible Direction,3,1244.75,2022-03-27
632,Discuss Building,2,895.14,2024-12-28
633,Trip Mission,2,1251.69,2024-12-13
634,Whose Far,4,313.5,2021-03-09
635,She Later,8,2086.97,2022-11-24
636,Leg Meeting,8,2421.15,2025-12-28
637,Huge Tree,2,2076.49,2021-11-15
638,Rise Lay,1,828.87,2025-09-07
639,Should Both,4,1672.24,2021-07-12
640,True Adult,7,362.3,2025-05-16
641,Mother Hotel,8,2353.43,2025-08-26
642,Current Cultural,3,1196.61,2021-02-27
643,Activity Born,7,2248.51,2024-02-18
644,Rest Laugh,4,2528.92,2023-03-29
645,Especially Against,3,2752.31,2022-04-13
646,Us Actually,5,2246.67,2024-08-19
647,Total Building,2,43.93,2023-11-28
648,Throw Theory,7,2980.49,2021-03-24
649,Meet Wonder,7,2158.63,2023-10-11
650,Already Moment,4,1359.98,2023-12-16
651,Western Late,2,663.17,2021-01-08
652,Become Will,1,2868.24,2023-04-07
653,Test Talk,5,349.63,2023-12-03
654,Truth Huge,4,2196.83,2022-12-13
655,Free Wait,8,687.0,2021-05-16
656,Child Plant,4,2753.75,2024-06-19
657,Anything Sure,5,2871.42,2024-08-10
658,Theory Type,5,146.32,2024-10-30
659,Main Watch,7,274.95,2023-11-19
660,Spring Where,5,1485.94,2023-03-02
661,Should Husband,5,2727.04,2022-06-01
662,Available Loss,2,1739.24,2023-09-07
663,Term Difference,3,2317.26,2023-10-30
664,Claim Action,7,2681.96,2022-04-20
665,Me Our,1,2561.12,2025-03-24
666,For Design,1,2246.49,2024-03-16
667,Use Wind,4,746.88,2022-02-18
668,Fear Dream,5,780.87,2024-09-18
669,Born Hundred,4,1665.02,2021-01-17
670,Assume Your,8,964.56,2024-08-12
671,Avoid Add,2,1700.77,2023-11-14
672,Require All,6,624.17,2024-11-13
673,Everything Southern,2,2363.74,2023-01-02
674,Field Indeed,2,2374.24,2025-12-29
675,Right Condition,1,1753.07,2021-12-25
676,Possible But,1,2989.11,2023-09-09
677,Own Go,2,493.1,2023-06-24
678,One Worker,8,875.09,2025-02-06
679,Tv Two,8,2554.74,2022-02-18
680,Agency Force,4,2802.32,2024-10-16
681,Fear Technology,8,2909.56,2022-02-18
682,Sometimes Parent,2,1147.89,2023-07-19
683,Both Treat,8,724.14,2025-01-09
684,Per Rest,7,911.98,2022-10-21
685,Sit Dog,4,375.12,2022-05-09
686,Study Ball,1,1927.83,2021-05-12
687,Mrs Fear,4,237.64,2022-03-28
688,Film Too,3,1001.17,2023-04-15
689,Report Garden,6,1171.72,2021-08-02
690,Third Day,8,1018.03,2022-02-27
691,What Age,5,35319.86,2022-12-04
692,Probably Community,8,1464.81,2023-11-27
693,Pull Life,6,1755.41,2023-08-29
694,Beyond Their,4,1283.5,2024-10-19
695,Produce Effect,6,2943.67,2024-12-11
696,Focus Number,7,1303.73,2024-08-24
697,We Apply,3,632.54,2022-12-30
698,Up Religious,2,2556.7,2023-01-26
699,Other Next,6,1372.5,2024-12-10
700,Use Structure,7,0.0,2021-03-17
701,Mother Program,2,2623.15,2023-07-04
702,Million Design,2,889.24,2022-09-03
703,Professional None,7,0.0,2024-12-27
704,News Force,3,1532.64,2023-12-16
705,How Feeling,2,789.42,2024-06-30
706,View Actually,7,0.0,2021-02-07
707,Voice Perform,2,1233.44,2021-08-04
708,Chair Case,4,26305.75,2021-01-25
709,Sure Study,3,1509.49,2025-12-08
710,Day Yourself,3,428.62,2024-05-16
711,All Audience,8,1672.64,2024-05-26
712,Final Everything,5,986.96,2025-09-15
713,Already Deep,5,105.53,2021-03-24
714,Nice Heavy,2,1362.59,2025-02-13
715,School Wrong,1,2116.55,2023-11-25
716,Whether Your,6,2479.87,2025-11-18
717,Debate Own,3,2901.87,2022-08-17
718,Owner Can,1,2300.77,2024-12-30
719,Report Ok,6,2376.72,2022-03-14
720,She Rest,8,2869.94,2022-07-27
721,Figure Too,1,0.0,2021-10-18
722,Manage Well,5,0.0,2021-12-21
723,Agreement Who,6,315.96,2023-07-17
724,Some Suddenly,3,735.33,2025-10-22
725,Produce Trade,5,2362.06,2024-08-30
726,Rich Despite,5,870.85,2024-07-08
727,Series Treat,3,2200.96,2022-09-02
728,Activity Relate,4,264.16,2022-10-04
729,Group Guy,1,77.49,2025-12-14
730,Son Must,2,2024.33,2022-02-15
731,Or Process,8,2006.23,2025-04-03
732,Open Sometimes,7,759.24,2023-08-18
733,Pm Out,6,0.0,2022-10-05
734,Town Person,6,1662.12,2024-10-07
735,Poor Treat,5,1781.15,2024-05-13
736,Ok Dinner,7,26764.07,2025-05-08
737,Business Task,3,1703.65,2025-09-15
738,Red Since,7,1564.27,2021-03-14
739,Remember Ever,8,209.37,2022-10-27
740,Somebody Magazine,8,729.37,2021-03-02
741,Run Generation,8,2682.1,2021-07-19
742,Certain Work,2,1248.98,2023-06-25
743,Child Particular,6,903.53,2024-06-29
744,Without Evening,5,0.0,2021-01-26
745,Break Question,3,591.41,2023-01-20
746,Without Article,5,1924.04,2024-04-08
747,Argue Itself,3,1384.9,2022-12-19
748,Page Agreement,3,21279.37,2024-03-31
749,Protect Him,4,728.76,2022-09-01
750,Student Unit,1,0.0,2023-01-08
751,Relationship Gas,2,828.98,2023-01-22
752,Player Serious,7,2163.24,2023-02-14
753,Some Cultural,8,1805.05,2024-10-18
754,Bit Sound,7,852.55,2025-09-05
755,Effect Huge,1,530.61,2021-05-13
756,Surface Shoulder,4,494.83,2022-08-09
757,Take Suffer,6,2990.28,2025-05-13
758,No Tax,4,2030.21,2025-11-18
759,Amount Government,3,2546.49,2024-03-02
760,Member Election,3,1580.83,2023-07-07
761,Heart Interview,2,1819.25,2025-03-22
762,Season Seem,3,1333.44,2022-07-04
763,Foot Its,2,1804.71,2022-05-27
764,Southern Identify,2,1227.74,2022-11-12
765,Marriage Chair,7,1083.96,2023-04-25
766,Interest Source,1,1153.52,2024-12-15
767,Capital Account,1,1194.68,2023-07-30
768,Remember Manage,3,2913.82,2025-07-18
769,Science Whatever,6,1505.33,2021-07-31
770,Case Agent,1,32.69,2023-02-25
771,Bring Never,6,327.67,2023-02-14
772,Response Leave,1,1860.8,2022-07-16
773,Hit Amount,6,16.16,2024-04-10
774,Suddenly Wife,6,1296.56,2025-03-08
775,Reflect Result,8,1135.95,2022-02-06
776,Professional Back,5,201.33,2021-03-14
777,Benefit Amount,3,17.35,2021-02-12
778,Civil Defense,4,688.44,2024-06-17
779,Office Attack,8,418.78,2021-10-12
780,Positive Other,5,1401.76,2021-08-07
781,Third Consider,4,1001.18,2024-02-04
782,Others Past,5,1337.37,2024-11-10
783,Test Consumer,2,2835.49,2021-01-15
784,Very Step,7,2760.79,2025-06-14
785,That Benefit,6,2907.9,2022-10-09
786,Type Hair,7,538.62,2022-12-05
787,Writer Read,3,0.0,2025-03-20
788,Friend Building,8,1665.79,2025-02-01
789,Model Great,1,1646.85,2023-10-26
790,Design Many,7,476.08,2025-09-25
791,Election Quickly,1,1440.6,2025-08-06
792,Money Set,4,1165.28,2025-11-16
793,Certainly Figure,8,1012.55,2025-06-26
794,Special Bar,3,378.08,2022-04-03
795,Enjoy Statement,6,1141.87,2021-12-03
796,Threat Author,5,1248.11,2025-08-19
797,Do Trip,1,2538.95,2023-07-12
798,Particular Natural,6,96.46,2023-10-02
799,Day Book,3,2321.0,2023-03-04
800,Over True,3,2622.37,2023-06-30
801,Ten Party,7,786.36,2024-11-16
802,Despite Whatever,5,1146.17,2023-01-05
803,Eye Customer,8,318.81,2021-06-14
804,Result Note,6,1244.08,2023-09-04
805,Say Part,2,2687.6,2024-01-01
806,Forget Former,7,304.1,2023-03-15
807,Same Himself,5,2413.45,2025-10-15
808,Seat Position,4,560.13,2024-08-09
809,Nor Positive,8,2615.8,2025-03-13
810,Policy Quality,4,557.41,2025-08-08
811,Prove Popular,6,2887.09,2022-07-26
812,Without Represent,8,2021.2,2025-03-03
813,Interesting Cut,5,2932.51,2024-11-21
814,True Statement,5,1770.15,2024-02-16
815,Throughout Job,7,2127.39,2023-04-15
816,Eye Reality,3,1880.17,2024-09-02
817,Successful Account,6,2912.38,2024-05-06
818,Quickly They,7,2577.66,2025-03-12
819,Protect Bar,8,2300.09,2025-07-19
820,Service Sing,1,546.18,2021-11-21
821,Reach His,5,1845.53,2025-09-29
822,Loss Establish,5,2600.75,2021-10-13
823,Kid Ahead,1,1316.89,2021-06-27
824,Whether Figure,8,566.28,2025-01-02
825,Film Prepare,1,1389.79,2025-06-02
826,Out Bank,8,867.75,2023-04-04
827,Difference Ever,5,2575.33,2021-03-02
828,Hair Home,4,2097.36,2021-07-16
829,One President,8,1952.69,2022-08-27
830,A Argue,3,1670.95,2022-06-12
831,Entire Business,3,2324.77,2023-12-06
832,Four Whom,5,2083.31,2023-06-22
833,Baby Option,7,956.8,2025-01-05
834,Letter Way,7,2300.15,2025-12-26
835,Charge Provide,7,1894.12,2021-01-30
836,Term Write,3,609.38,2024-04-25
837,Whom Time,5,90.93,2022-12-24
838,Remain Guess,5,1515.11,2025-08-31
839,Serve Present,4,2321.97,2021-01-20
840,Resource Difficult,1,1274.35,2024-01-13
841,Until Big,7,2841.52,2022-05-07
842,Article Bed,4,1501.31,2022-06-13
843,Customer That,5,1149.76,2025-07-05
844,Particularly Front,3,1823.7,2021-02-17
845,Popular Likely,5,81.84,2021-12-12
846,Rule Analysis,4,1709.1,2025-09-06
847,Discuss Media,2,445.26,2024-03-27
848,Animal If,1,2725.21,2024-09-14
849,Simple Decade,2,241.56,2021-07-08
850,Mean Street,1,1430.83,2024-11-14
851,Might As,1,1627.27,2024-07-13
852,Claim Cup,1,864.67,2025-10-27
853,Scientist Language,6,823.1,2024-08-19
854,Five Begin,2,236.78,2021-06-21
855,Clearly Trade,8,830.58,2021-11-28
856,Along Water,1,965.96,2025-12-03
857,Seem Even,7,318.3,2023-02-19
858,Station Address,8,852.68,2021-03-31
859,Quite Campaign,1,1651.26,2021-06-01
860,Hope Blood,2,472.76,2021-09-30
861,Tree Or,4,1220.35,2025-07-04
862,Kid Board,6,1456.36,2022-07-13
863,Professional Hotel,7,1552.71,2022-12-30
864,Sell Try,7,347.34,2025-08-09
865,Item Physical,4,1321.24,2024-11-25
866,Trip Occur,1,1995.35,2024-09-16
867,Break Major,4,2161.06,2024-03-17
868,Development Few,2,1131.02,2023-03-20
869,Drug Number,3,1768.31,2025-09-16
870,Mean Direction,4,1640.84,2022-09-21
871,Forward Thus,3,1739.72,2024-11-02
872,Blue Point,2,854.04,2021-02-17
873,News At,1,1409.69,2021-10-08
874,Black After,7,208.94,2022-02-03
875,Find Out,1,1288.99,2022-02-07
876,Detail Throw,6,41547.72,2024-09-17
877,Though Perhaps,8,621.48,2024-01-15
878,Senior Decision,4,2264.31,2021-06-19
879,Claim Effect,1,772.59,2025-10-19
880,Seat West,5,502.17,2022-07-24
881,Series Technology,4,31774.74,2025-04-30
882,Reflect Blue,8,0.0,2025-11-17
883,Next Stand,4,28267.2,2023-12-13
884,Rate Thousand,8,1671.15,2025-01-26
885,Resource Knowledge,2,2382.14,2022-08-19
886,Red Much,6,371.4,2024-08-16
887,College Once,7,393.53,2022-06-08
888,Drive Voice,8,603.27,2023-06-28
889,Safe Surface,3,2723.13,2023-11-24
890,Contain Information,5,2151.82,2021-04-20
891,Surface East,6,1471.69,2025-03-08
892,Argue Democrat,8,2219.19,2025-08-01
893,Wall Past,7,2956.51,2024-04-11
894,Must Have,8,2804.68,2022-10-24
895,Statement Force,6,333.93,2022-11-17
896,Cut Guy,5,2317.92,2025-05-29
897,Though Base,4,131.67,2024-01-11
898,Compare Well,6,592.37,2022-07-19
899,Soon Name,3,465.49,2021-01-08
900,Paper Still,4,2959.38,2025-04-06
901,Class Put,3,2343.19,2023-06-01
902,Set Reveal,5,390.28,2024-06-06
903,Beat Ball,1,739.19,2023-08-27
904,Talk Throw,7,1091.92,2024-03-06
905,Very Water,2,159.71,2025-11-09
906,Wide Now,2,257.02,2023-12-19
907,Issue It,3,141.13,2023-09-05
908,Officer Song,7,1262.99,2022-07-07
909,Wait Sign,5,1052.46,2025-10-30
910,Drop Evidence,4,2535.64,2021-12-15
911,Rule All,4,669.76,2023-12-26
912,Create Manager,2,1080.89,2022-06-19
913,Ready Argue,5,858.23,2022-03-20
914,Also Find,7,1159.37,2022-09-29
915,Same She,4,2955.0,2023-01-21
916,Foot Tonight,4,0.0,2022-04-25
917,East Adult,3,283.94,2024-10-18
918,Individual Modern,3,2453.69,2021-08-06
919,Base Book,3,938.03,2023-02-13
920,Lay Security,1,2965.62,2025-10-16
921,Pressure Week,3,127.8,2021-02-23
922,House Oil,5,72.17,2022-11-11
923,Concern Type,2,2002.95,2022-09-25
924,Mr Always,4,1771.79,2021-02-25
925,Should Interview,4,2473.47,2024-02-26
926,East Participant,4,2191.6,2025-11-28
927,Statement Democrat,4,2965.17,2024-06-03
928,Bank Employee,4,1150.35,2022-05-03
929,Effort Down,1,2437.35,2022-07-04
930,Purpose Back,4,1772.11,2023-03-28
931,Which Size,1,207.24,2024-05-15
932,Provide They,1,2430.53,2022-09-16
933,Activity Medical,6,528.74,2023-04-24
934,Conference Into,3,2100.07,2023-04-23
935,Piece Home,1,1878.73,2023-10-01
936,Born Brother,7,2771.15,2023-12-27
937,Skin Task,3,1279.85,2025-10-06
938,Per Grow,2,1606.03,2022-06-20
939,Still Reveal,2,429.59,2024-12-26
940,She New,5,1052.88,2021-02-26
941,Into Challenge,8,2341.63,2022-05-16
942,Trouble Test,4,2541.94,2024-10-27
943,Later Purpose,1,230.21,2023-07-05
944,Structure Stay,4,2938.64,2025-04-21
945,Involve Article,4,35.02,2025-08-04
946,Model Deal,3,1817.93,2023-05-17
947,Represent Make,5,293.05,2025-10-25
948,Shoulder Check,7,428.39,2024-07-31
949,Writer Project,2,2203.01,2024-12-01
950,Situation Ever,2,1222.55,2024-03-10
951,Travel Company,3,1532.17,2024-05-14
952,Thank Close,7,1978.02,2023-10-23
953,Author Price,6,2781.24,2023-12-07
954,Continue Himself,3,83.48,2022-10-18
955,Gun Past,3,1385.07,2025-04-02
956,Speech Attention,1,1281.09,2021-05-05
957,Attorney Along,7,1713.93,2023-06-14
958,Blue Yard,3,266.02,2023-10-31
959,Everybody School,1,569.91,2025-04-21
960,Wind Why,6,1396.76,2024-07-30
961,Everybody Choice,8,1701.15,2023-02-02
962,Course Hotel,8,1446.01,2023-01-16
963,Machine Yes,4,0.0,2024-09-16
964,Positive If,1,2737.28,2024-04-22
965,Investment Cup,5,958.09,2021-03-26
966,More Water,7,383.15,2022-12-18
967,Instead Fish,2,995.69,2024-04-30
968,Star Population,6,2860.66,2024-09-24
969,Throughout Clear,8,2603.53,2024-11-26
970,Office Serve,7,250.03,2023-05-04
971,Worry Reality,1,127.74,2025-02-20
972,One Think,3,23.04,2025-06-18
973,Former Part,8,1573.33,2021-12-15
974,Receive Level,4,1055.25,2025-01-01
975,Yourself Data,1,1931.26,2023-04-20
976,Which Republican,1,379.24,2021-07-04
977,Make Everybody,1,200.79,2025-12-25
978,Change Group,1,1485.29,2025-06-02
979,Check Radio,3,1210.49,2022-02-07
980,Movement Deep,4,494.53,2021-04-16
981,Up Describe,3,2464.31,2022-02-25
982,Defense Owner,8,0.0,2021-08-16
983,Until Fly,3,0.0,2024-03-28
984,Police Two,7,2439.03,2022-01-28
985,Yes Country,6,425.29,2023-05-09
986,Lose Indeed,5,725.26,2022-08-08
987,Positive Also,2,2982.49,2022-11-29
988,Indeed Listen,6,2422.21,2024-10-31
989,Mrs Hit,5,2704.86,2022-11-01
990,Film Herself,4,158.6,2021-09-19
991,Officer Shake,4,1092.04,2024-01-26
992,Attention Collection,7,770.61,2023-08-30
993,Chair Loss,7,2690.01,2024-05-20
994,Break House,5,1068.27,2024-10-26
995,Third Draw,4,1524.96,2025-02-26
996,Might Huge,7,1987.44,2021-12-01
997,Positive Order,4,1893.64,2025-04-09
998,Matter Sport,6,1308.19,2021-07-09
999,Even Family,8,0.0,2022-11-01
1000,Most Cell,5,30315.7,2022-05-03
1001,Home Size,4,738.67,2023-06-08
1002,Center Operation,7,1974.09,2022-05-20
1003,Modern Long,1,2990.48,2021-09-21
1004,Bring Population,6,1074.53,2022-08-16
1005,Professional Hospital,3,2401.13,2023-08-11
1006,Watch Ten,1,1600.71,2023-08-27
1007,Report Unit,4,162.9,2025-05-07
1008,Finally Likely,8,1705.76,2024-04-30
1009,Itself View,5,2721.89,2023-11-20
1010,Interest While,1,1908.46,2023-09-26
1011,Research Huge,3,732.65,2023-06-12
1012,Attention Perhaps,1,1011.9,2023-02-25
1013,Major Scientist,5,2032.99,2023-12-30
1014,And Author,3,0.0,2025-08-08
1015,About Important,4,2878.67,2024-09-06
1016,Physical Beat,5,2655.31,2021-07-20
1017,Door Music,4,2317.62,2025-03-17
1018,Might College,6,2254.28,2024-09-02
1019,House Piece,2,572.39,2025-05-09
1020,Drug Action,1,343.91,2021-03-04
1021,Later Live,3,831.57,2022-04-06
1022,They Serve,7,2655.91,2022-03-18
1023,Paper History,6,2523.07,2023-10-10
1024,Others Half,4,341.92,2024-07-17
1025,Seem Statement,6,1590.3,2025-10-26
1026,Compare Career,7,884.74,2023-08-28
1027,Safe Free,2,2930.63,2024-02-13
1028,Deep Vote,5,1757.95,2025-11-28
1029,Region Seven,4,1038.62,2021-11-17
1030,Want Pretty,7,2069.03,2023-03-07
1031,Mouth Finish,7,415.78,2024-06-18
1032,Try Hit,2,1372.33,2025-08-21
1033,National Six,6,2993.09,2025-02-14
1034,Laugh Identify,3,2493.06,2025-05-19
1035,Father Significant,7,2285.54,2023-01-14
1036,Power Church,8,95.95,2021-04-18
1037,Develop Away,1,0.0,2025-05-04
1038,Detail Outside,7,1277.45,2022-10-22
1039,Sense Peace,6,729.09,2022-02-15
1040,My Lawyer,1,2849.96,2023-01-13
1041,Degree You,3,939.19,2023-11-25
1042,Music According,7,2753.88,2022-06-17
1043,Player Production,3,1327.73,2023-03-28
1044,Finish Technology,1,2857.28,2021-09-23
1045,Reason Camera,5,932.64,2024-03-03
1046,Yourself Beautiful,4,1954.14,2023-08-08
1047,Mouth Degree,3,1208.21,2024-04-12
1048,Always Anything,4,1663.4,2021-02-09
1049,Drive Explain,8,773.5,2024-12-11
1050,Rule Increase,2,1142.0,2022-05-06
1051,Owner Home,5,2157.82,2021-12-22
1052,Most Pretty,4,1889.85,2021-09-18
1053,Few Between,6,1944.22,2021-09-21
1054,On Defense,3,682.82,2021-08-10
1055,Couple Trouble,2,1996.77,2022-11-05
1056,Stand Traditional,2,968.87,2023-10-09
1057,Up Want,7,2846.68,2022-01-05
1058,Lawyer Source,8,2710.72,2024-05-25
1059,Technology Enough,7,648.75,2024-07-08
1060,Weight Back,8,432.35,2023-03-10
1061,Conference Event,4,693.48,2024-06-19
1062,Sign No,8,1197.24,2026-01-02
1063,If Like,2,661.32,2021-02-21
1064,Since Hotel,8,2320.9,2025-06-02
1065,Side Always,2,1467.1,2023-02-09
1066,Quite Treat,6,1125.75,2024-02-26
1067,Us Own,3,162.84,2024-08-22
1068,Color Him,4,2330.58,2022-11-05
1069,Today Tax,4,1685.78,2025-10-20
1070,Stock Agency,1,2236.88,2024-06-14
1071,Animal Idea,7,518.6,2024-07-03
1072,Trial Cultural,1,151.22,2025-06-05
1073,Traditional Into,7,1817.72,2021-05-14
1074,Until Certainly,2,2057.68,2025-12-30
1075,President Police,7,1614.04,2021-03-30
1076,Though I,4,1629.69,2021-05-13
1077,Citizen Eye,2,2492.01,2023-03-03
1078,Gas Yet,4,154.92,2021-04-17
1079,Yeah Draw,3,849.64,2022-01-23
1080,Event Wish,3,455.2,2024-09-26
1081,Would Miss,4,1091.37,2022-09-29
1082,Too Ok,7,2058.57,2024-12-28
1083,As Fine,4,1573.69,2024-03-11
1084,Must Difficult,2,0.0,2025-12-10
1085,Voice Alone,7,1949.05,2023-03-11
1086,Fight Do,5,1804.7,2021-10-10
1087,Customer While,1,1947.57,2022-03-05
1088,Front This,2,79.17,2025-02-07
1089,Detail Concern,8,2343.82,2024-11-22
1090,Court Line,1,351.28,2021-08-24
1091,Wait Happy,6,2385.42,2024-12-30
1092,Music Available,2,24852.58,2025-02-23
1093,Carry Agency,5,2647.64,2023-06-12
1094,End Share,6,2397.66,2023-11-10
1095,Street Form,6,1266.74,2025-07-15
1096,Gas But,8,1021.91,2021-04-24
1097,Culture Heavy,2,1289.08,2022-12-18
1098,Degree Purpose,3,2067.41,2024-12-03
1099,Might Avoid,2,2540.91,2022-03-13
1100,Economy Set,8,412.07,2023-07-25
1101,Lose Medical,8,1636.27,2021-03-27
1102,Chair Whether,8,630.34,2023-05-11
1103,Run And,3,2244.84,2022-11-12
1104,Avoid Open,5,660.07,2023-02-10
1105,Wish Happen,7,2004.98,2023-08-20
1106,Green Almost,4,2658.38,2022-07-30
1107,Thousand During,8,12.54,2023-09-03
1108,Reflect Three,2,1254.13,2024-01-31
1109,Western Once,7,1130.03,2025-06-15
1110,Mrs Almost,7,2971.15,2024-05-12
1111,Entire Until,5,0.0,2021-07-17
1112,Like Physical,7,1171.01,2023-08-09
1113,Pretty Finish,4,1783.53,2022-10-16
1114,Wide Under,1,1138.44,2021-01-07
1115,Just Hot,4,94.64,2023-08-11
1116,Scientist Hair,6,1210.68,2023-03-31
1117,Prevent Recent,2,1734.19,2022-08-09
1118,Bag Film,7,1987.35,2023-06-25
1119,Board Improve,5,996.19,2025-08-05
1120,Debate Doctor,2,159.14,2021-04-05
1121,After Far,3,255.05,2025-08-09
1122,Short Hundred,2,849.49,2022-12-20
1123,So Drive,7,1614.06,2023-07-04
1124,Hotel Our,8,1959.49,2023-06-11
1125,Do Interest,5,1582.2,2024-12-09
1126,Particular Offer,8,2499.57,2022-08-03
1127,Hear Study,3,1876.6,2024-01-29
1128,Almost Best,7,328.3,2021-04-25
1129,Available Different,2,2373.68,2023-03-22
1130,Arm Want,1,1663.15,2023-08-10
1131,Build Whole,6,1303.68,2022-09-04
1132,Same Significant,4,1225.08,2025-10-11
1133,Statement Behind,6,2488.98,2022-01-26
1134,Night Experience,7,2500.08,2025-11-01
1135,Development Prevent,4,319.03,2025-02-23
1136,President Commercial,4,1469.13,2024-06-29
1137,Sort Young,1,1581.41,2025-02-27
1138,Quite Present,1,1181.97,2023-05-26
1139,Money Series,8,350.35,2022-02-06
1140,Art Push,3,239.81,2021-12-13
1141,Face Thought,4,353.61,2025-08-08
1142,Blood Save,2,1270.56,2022-09-15
1143,Child Defense,1,1415.92,2021-01-18
1144,Everybody Foreign,1,2265.4,2021-03-15
1145,Before Person,5,735.59,2025-11-10
1146,Behind Edge,6,1121.0,2024-12-07
1147,Right Actually,4,2087.59,2025-08-17
1148,Decide Doctor,2,2043.45,2021-05-09
1149,City Leader,4,467.91,2021-11-04
1150,Ask Cup,6,1815.23,2025-03-09
1151,Well Fund,3,326.47,2025-06-06
1152,Second Simply,5,974.79,2024-09-14
1153,Ground Paper,2,2497.89,2024-12-28
1154,Bill Professor,7,2458.51,2021-05-17
1155,Continue Of,4,2435.18,2024-05-31
1156,Beautiful Federal,4,1718.63,2022-01-03
1157,First Actually,2,2172.75,2023-10-11
1158,Economic Buy,4,948.71,2023-04-06
1159,Protect Personal,7,35.94,2024-08-21
1160,Drug More,1,1568.74,2022-07-16
1161,Student Head,6,1955.33,2022-01-05
1162,Production Wonder,5,2646.97,2023-09-03
1163,Fish Thing,3,2744.85,2021-07-01
1164,Wall Prove,4,2110.83,2025-05-20
1165,Allow Though,7,992.58,2023-10-05
1166,Back Claim,4,1207.38,2024-06-07
1167,Training Popular,8,2889.34,2024-04-17
1168,Attack Alone,4,96.06,2022-09-13
1169,Hard Car,3,2122.77,2023-05-01
1170,Area Buy,5,923.83,2025-10-31
1171,Song Two,4,291.23,2025-08-21
1172,Bag Enough,4,2434.17,2022-05-13
1173,That Story,1,562.63,2024-01-15
1174,Outside New,5,291.49,2024-01-10
1175,Claim Room,5,877.67,2024-06-25
1176,Sense Catch,5,474.35,2024-09-04
1177,Lay Reduce,5,741.51,2023-10-22
1178,Foot Maintain,2,1323.26,2023-12-05
1179,Senior Point,2,362.87,2021-07-16
1180,Clearly Small,5,2939.83,2022-06-25
1181,Shake Camera,2,318.12,2024-03-06
1182,Computer Manager,3,2692.79,2022-11-17
1183,East Teach,1,907.24,2021-12-30
1184,Choice Order,2,1530.63,2021-08-18
1185,Open Hit,4,2005.52,2025-12-26
1186,Onto Career,3,961.74,2025-04-27
1187,Spring Must,7,115.35,2024-08-06
1188,President Grow,7,2136.26,2021-07-29
1189,Age Impact,4,1803.85,2022-07-30
1190,Middle Low,2,702.82,2021-05-01
1191,Live Purpose,4,2505.95,2022-09-09
1192,Fast Art,4,0.0,2024-10-30
1193,Eye Direction,3,2352.49,2023-06-11
1194,Name Movie,4,889.23,2021-06-03
1195,Investment Recently,4,817.78,2024-12-03
1196,Mouth Debate,2,2857.29,2022-07-11
1197,Reflect Woman,5,2817.82,2021-05-30
1198,Agency Catch,6,2197.65,2021-10-28
1199,Game Per,3,2437.69,2023-06-17
1200,Thousand Much,6,1157.32,2022-12-04
1201,Entire Only,1,1037.14,2024-07-15
1202,Will Grow,6,1737.08,2025-08-21
1203,Blue Value,1,1830.25,2024-05-20
1204,Character Few,7,753.73,2021-10-04
1205,Soldier Before,8,857.3,2023-09-24
1206,Old Wear,4,1220.52,2023-08-07
1207,Hot Cost,6,23.55,2025-12-10
1208,Catch Day,4,829.17,2022-12-23
1209,Find Reveal,7,2804.34,2022-05-23
1210,Management Determine,8,2004.22,2023-06-01
1211,Nor Phone,1,1771.24,2025-01-02
1212,Care Others,1,1231.66,2025-12-16
1213,Now Middle,1,2617.83,2022-09-26
1214,Note Sing,2,264.16,2025-05-02
1215,City None,5,251.57,2024-05-27
1216,Various Mr,8,2390.39,2025-09-29
1217,Born Career,7,316.86,2023-07-03
1218,Staff Tell,2,1302.08,2021-12-07
1219,These But,2,1633.03,2024-11-03
1220,See Responsibility,3,1159.23,2022-08-23
1221,Commercial Political,6,621.19,2025-07-09
1222,Test Congress,6,1835.98,2022-09-04
1223,Save Three,6,65.75,2024-09-15
1224,Begin Congress,6,0.0,2022-02-28
1225,Individual Capital,4,2346.8,2024-03-03
1226,Voice Middle,5,1458.57,2024-11-01
1227,Dog New,8,2704.71,2023-05-21
1228,Listen Remain,6,2496.0,2022-11-01
1229,Six Yourself,3,2406.6,2021-05-08
1230,Free Human,4,998.01,2021-02-11
1231,Itself Democrat,7,1621.36,2024-05-07
1232,Game Party,5,2236.26,2024-06-28
1233,Factor Floor,4,1547.35,2021-09-16
1234,Free Value,7,1556.73,2022-05-24
1235,Guy Few,4,2579.76,2022-05-11
1236,Imagine Less,2,976.0,2025-08-25
1237,Him Woman,8,74.99,2022-06-17
1238,Model Party,4,1652.32,2021-04-23
1239,Improve Point,6,14.59,2021-01-12
1240,Identify Beautiful,8,450.81,2023-01-11
1241,Present Control,4,1057.33,2023-06-10
1242,Food The,4,1168.0,2021-07-30
1243,Serious Prove,5,2244.6,2021-11-16
1244,Central Happen,7,641.74,2024-12-12
1245,Brother Appear,2,2244.15,2025-08-18
1246,Describe Industry,8,2026.05,2022-10-23
1247,Vote Near,1,2042.09,2022-02-09
1248,Capital Century,8,1350.99,2022-09-01
1249,Smile Budget,7,911.34,2025-11-10
1250,Maybe Whose,4,527.45,2021-03-12
1251,Point System,1,2830.17,2023-04-18
1252,Natural Maintain,8,1533.23,2024-06-30
1253,Truth Line,6,2443.01,2021-11-18
1254,None Find,5,1843.69,2023-05-29
1255,Rich In,6,2519.54,2022-06-06
1256,Second Between,5,2546.84,2022-08-09
1257,Director Serious,4,2635.75,2021-10-21
1258,Write Dark,5,1433.83,2021-12-21
1259,Dark Rate,8,84.82,2024-02-15
1260,Call Relate,8,1269.54,2022-05-26
1261,Take Near,8,1058.69,2025-11-05
1262,However Always,1,2301.93,2021-12-02
1263,Person Particularly,5,2368.41,2023-09-24
1264,Across Test,6,2218.04,2022-05-24
1265,Call Put,5,2180.66,2023-10-24
1266,Possible Stock,6,1036.78,2021-12-29
1267,Everything Similar,3,1967.54,2023-11-01
1268,Blood Field,7,2742.23,2021-07-19
1269,Air Remember,1,1295.21,2025-12-29
1270,Republican Every,2,2586.49,2024-10-17
1271,Week Example,6,219.72,2022-07-06
1272,One Budget,7,2475.17,2021-09-09
1273,Dog Tax,2,2502.31,2022-12-09
1274,Mission While,8,2051.71,2023-03-11
1275,Near Budget,5,2364.79,2025-11-19
1276,Everything Certain,2,2193.2,2024-02-12
1277,Learn Different,8,1537.07,2021-12-27
1278,Event Material,7,2010.1,2021-01-08
1279,Card Money,7,1205.69,2022-08-03
1280,Each Why,6,1647.2,2024-03-22
1281,Instead Trouble,6,2138.92,2021-02-13
1282,State Admit,3,60.16,2023-04-14
1283,Particular Must,3,17219.23,2023-09-15
1284,Program Interview,6,1494.17,2022-04-04
1285,Sign Modern,7,841.94,2021-10-08
1286,Room Pass,6,532.46,2022-08-02
1287,Develop Hard,7,211.03,2024-07-05
1288,Who Simply,4,106.37,2022-07-07
1289,Talk Surface,8,647.51,2021-01-09
1290,Yet Section,8,2202.36,2025-03-12
1291,Budget Rule,4,904.7,2025-06-13
1292,Provide Participant,3,988.67,2021-08-19
1293,Stand Civil,4,2749.81,2025-04-05
1294,Window System,7,2516.53,2021-01-10
1295,Close Spring,8,1246.72,2021-06-20
1296,Nature Response,6,914.31,2022-11-18
1297,Serious Whose,6,24213.66,2022-02-07
1298,Give Bit,6,594.83,2025-05-27
1299,Body Cause,6,1608.19,2022-05-20
1300,Artist Dark,6,1916.71,2021-07-21
1301,Close I,5,1037.74,2025-12-21
1302,Ago Community,3,2120.59,2021-08-17
1303,Air Control,6,2913.67,2025-01-10
1304,Standard Office,2,2424.88,2025-05-28
1305,Rise Growth,4,1136.6,2021-12-07
1306,Guy Image,4,1618.73,2021-07-23
1307,Along Writer,1,940.04,2021-12-10
1308,Become National,2,2199.7,2023-01-12
1309,Organization Person,3,2459.18,2022-02-14
1310,All Off,3,2113.7,2023-11-01
1311,Hour Generation,8,317.36,2021-03-29
1312,Million Third,1,2236.24,2021-05-02
1313,Other Right,2,2522.85,2025-04-27
1314,Book Language,5,1549.88,2022-07-14
1315,Leave Something,2,281.13,2022-08-01
1316,Four Top,6,597.96,2021-06-04
1317,Involve Can,6,1093.71,2021-07-02
1318,Find Five,5,678.14,2024-01-27
1319,About Step,2,40.69,2021-03-15
1320,Individual Almost,7,2682.17,2021-07-16
1321,Head Democratic,6,1088.08,2024-04-21
1322,Nothing He,7,966.1,2021-04-25
1323,Camera Probably,5,719.77,2023-07-06
1324,Clearly Security,2,367.84,2025-12-24
1325,Growth Head,5,432.66,2024-07-21
1326,Either Somebody,2,1030.32,2025-04-27
1327,Account Month,1,2805.46,2025-08-17
1328,Prevent Line,7,1263.86,2024-02-22
1329,Decade Admit,1,2946.79,2022-05-16
1330,Wife Officer,3,186.03,2024-04-11
1331,Call Room,2,488.51,2022-07-13
1332,Attorney Keep,3,1219.45,2023-06-30
1333,Movement Theory,6,464.32,2025-10-22
1334,Water Deep,7,2784.33,2025-02-04
1335,Today Perhaps,3,2508.62,2025-02-11
1336,Tree Suffer,2,101.13,2022-12-03
1337,Herself Will,4,0.0,2021-04-26
1338,Rule Cultural,6,426.07,2021-06-13
1339,Interest List,8,1481.91,2025-06-14
1340,Born Improve,1,156.98,2022-11-04
1341,Prove Maybe,5,2880.89,2021-04-01
1342,Point Court,5,1680.98,2021-01-23
1343,Center Deep,3,2417.13,2026-01-02
1344,Let Carry,1,1834.08,2024-02-24
1345,Analysis Box,1,1000.24,2025-07-27
1346,Decision Right,7,2122.43,2024-05-08
1347,Analysis Realize,1,57.65,2021-06-06
1348,Large Others,1,528.77,2022-09-30
1349,Clearly Two,8,1261.34,2024-10-02
1350,True Them,6,797.84,2023-07-26
1351,Catch Dark,2,134.56,2021-03-28
1352,Authority What,6,1907.35,2022-08-03
1353,Tonight Lose,1,1312.6,2024-12-22
1354,Else Doctor,6,290.37,2023-09-17
1355,Forward Community,8,1299.93,2023-02-24
1356,Soon Parent,7,1597.22,2023-03-12
1357,Develop Probably,4,1049.31,2021-02-17
1358,Population Bring,7,231.47,2021-02-16
1359,Line Again,1,1944.99,2025-04-12
1360,History Wear,4,2655.32,2022-10-29
1361,Image Maintain,5,0.0,2022-03-17
1362,Positive Among,8,1451.16,2025-05-24
1363,Week Management,1,2708.63,2024-05-28
1364,Simply Movement,6,0.0,2025-01-04
1365,Agree Economic,6,372.55,2025-07-25
1366,Activity Raise,5,2192.26,2024-01-24
1367,Father Piece,5,931.04,2023-12-28
1368,Among Expect,6,1384.21,2024-05-10
1369,Fear Can,6,707.74,2021-11-02
1370,Resource Official,4,2649.29,2021-03-14
1371,Decision Month,4,1922.42,2023-04-18
1372,Whether Language,5,387.02,2025-08-16
1373,Right Class,7,2594.95,2024-05-21
1374,Lot Minute,3,2505.79,2022-03-03
1375,Down Decision,3,1783.07,2021-06-28
1376,Talk Course,1,2619.19,2022-05-05
1377,For Through,4,2282.81,2022-12-31
1378,Party Maintain,6,1126.81,2025-06-07
1379,Recently Go,7,1287.01,2024-08-14
1380,Provide Kid,1,1460.03,2025-04-18
1381,Run Discussion,4,1836.33,2023-08-11
1382,Notice Language,6,1444.09,2022-09-05
1383,South Heart,4,2494.54,2022-04-08
1384,Happen Bill,6,1078.67,2021-10-20
1385,Technology Significant,3,2692.7,2024-01-15
1386,Main White,8,2772.06,2021-09-19
1387,A Night,5,2896.45,2024-03-09
1388,Land Ahead,3,2912.49,2024-12-15
1389,Partner Democratic,2,1291.34,2024-05-24
1390,Rather Animal,6,2371.83,2025-10-12
1391,And Floor,6,679.82,2024-04-09
1392,Lay Institution,5,225.11,2022-12-07
1393,Everyone How,7,2661.29,2025-12-18
1394,Toward Former,1,720.37,2022-09-29
1395,Finally Tonight,3,1701.52,2023-04-19
1396,View Sea,1,192.47,2024-07-09
1397,Wonder Stuff,3,266.73,2024-12-02
1398,Yes Project,5,525.93,2021-05-19
1399,Total Region,3,2280.38,2024-05-30
1400,Their Arrive,5,1444.0,2024-05-22
1401,Game Represent,1,1313.32,2025-02-10
1402,Race Nor,5,831.04,2023-02-05
1403,Four Another,4,1665.11,2024-12-31
1404,Not Drop,7,1321.51,2021-06-20
1405,Beat While,6,1206.73,2025-09-26
1406,Pressure Paper,6,985.63,2024-01-23
1407,Blue Record,7,742.69,2021-10-07
1408,Fire Name,7,1458.82,2024-05-28
1409,Several Network,6,1902.65,2022-01-24
1410,Work Agreement,5,2250.67,2021-05-11
1411,Need Thus,3,1875.91,2025-06-09
1412,Single Main,8,2134.69,2021-06-23
1413,Suddenly Investment,6,2219.27,2024-02-16
1414,Family Bank,6,2216.21,2023-06-07
1415,Wall Cost,4,2909.85,2024-07-01
1416,Weight Determine,8,1675.68,2021-05-25
1417,Rest Accept,3,1027.15,2025-11-05
1418,Free Close,6,1164.97,2023-02-28
1419,Perhaps Impact,7,1199.02,2021-03-06
1420,Agent Wish,1,17.56,2021-07-22
1421,West Rather,2,2495.26,2024-11-11
1422,Stage Kind,6,1825.38,2021-11-19
1423,Of Describe,5,214.88,2025-06-11
1424,Item Alone,6,296.97,2025-08-03
1425,Baby Recent,3,625.97,2021-12-09
1426,Business Bring,6,1564.84,2023-07-23
1427,Cultural College,7,1992.26,2023-01-15
1428,Attention Talk,1,1058.01,2021-07-22
1429,Lose Involve,5,1449.41,2021-05-06
1430,Long Value,5,1949.44,2024-01-18
1431,Actually West,8,675.74,2022-08-30
1432,Might Become,3,314.53,2023-07-29
1433,Specific Wrong,5,2852.74,2021-11-19
1434,Every Week,7,2305.37,2021-03-15
1435,Cause Science,2,2840.36,2021-04-06
1436,Again Claim,2,1043.86,2022-03-13
1437,Realize Short,6,2982.39,2024-02-22
1438,The Political,5,1933.91,2024-02-11
1439,Small Avoid,5,1847.54,2025-03-26
1440,Song Into,6,2085.76,2025-03-08
1441,Company Line,2,1410.21,2023-07-16
1442,While Site,8,677.52,2025-05-25
1443,Series Him,6,933.97,2025-01-04
1444,Run Marriage,4,1408.1,2021-08-04
1445,Poor Onto,6,2583.5,2022-12-30
1446,Will Alone,6,1662.54,2023-12-20
1447,Free Power,6,1463.09,2023-04-17
1448,Light Pass,1,2784.62,2024-03-13
1449,Ask Value,5,474.6,2022-08-14
1450,Art Offer,3,1887.93,2024-12-06
1451,Between Career,5,722.63,2024-06-19
1452,Budget Story,5,1337.68,2021-10-16
1453,Role Real,2,1207.34,2021-09-20
1454,Almost Available,8,770.91,2023-07-12
1455,Produce Follow,5,2163.89,2023-05-02
1456,The Young,6,382.21,2024-05-08
1457,Activity Its,5,2984.14,2023-03-21
1458,Ground Fire,8,1124.86,2021-03-10
1459,Under Least,1,85.94,2022-02-25
1460,Factor Heavy,1,242.72,2025-07-08
1461,Mean Computer,7,2276.36,2021-03-11
1462,Attorney Impact,1,1385.44,2025-02-15
1463,After Experience,6,1471.75,2023-06-24
1464,His Result,3,948.31,2021-02-07
1465,Public Shake,4,338.43,2024-08-14
1466,Early Beat,7,1997.1,2023-01-21
1467,Figure Baby,4,1341.06,2023-12-18
1468,Money Board,6,2373.85,2023-02-16
1469,Professional How,1,2112.66,2021-03-16
1470,Outside Trouble,5,1368.82,2022-07-01
1471,Case White,6,2339.48,2021-10-22
1472,Act If,2,2462.62,2022-08-26
1473,Issue Rest,5,823.59,2021-03-10
1474,Sure On,4,503.26,2023-03-09
1475,Middle Really,6,1302.32,2023-06-24
1476,Least Girl,8,1444.55,2021-08-21
1477,Pass Beyond,5,2308.19,2024-08-02
1478,Company Wear,1,0.0,2024-10-04
1479,Modern War,4,1995.94,2021-11-11
1480,Treatment Seek,6,2415.73,2022-06-07
1481,Color Tough,3,1686.55,2023-01-18
1482,Area Day,7,2923.19,2022-09-27
1483,Show Either,5,719.48,2024-09-28
1484,Seek Rate,7,2125.55,2024-05-30
1485,Stuff Best,3,1293.2,2022-06-28
1486,Dinner Foot,3,2019.94,2022-02-01
1487,Set Again,3,235.92,2023-12-03
1488,Drive Improve,8,2417.26,2024-08-31
1489,Sell Some,3,2371.26,2023-12-08
1490,Occur Tell,7,2530.28,2025-08-17
1491,Across Town,5,2930.47,2024-10-11
1492,Place Beyond,4,1891.24,2023-02-01
1493,Tv Generation,5,550.78,2021-03-09
1494,Nature Election,6,2774.36,2022-03-03
1495,Senior Begin,1,265.13,2024-12-28
1496,How Hotel,2,2064.58,2023-08-21
1497,Leg Paper,7,2073.15,2025-01-18
1498,Answer Trade,5,1543.84,2021-09-11
1499,Thing Two,3,2587.25,2021-02-07
1500,Recently Member,4,505.78,2024-10-14
